{
  "name": "Webex Teams Workflow",
  "form": "36aa7c9f-a171-4b13-9f52-eecd285b49b5",
  "blocks": [
    {
      "id": "744b025e-31aa-42ed-ae86-ee88c8d1f93c",
      "label": "Teams: Create a Membership",
      "presentation": "{\"w\":60,\"x\":99,\"h\":60,\"y\":358}",
      "step": "0a95abb0-0a6a-4f18-b06e-4d8e144d954a",
      "stepType": "SCRIPT_STEP",
      "inputMappings": [
        {
          "inputPort": "input",
          "mapping": "false",
          "stepInput": "7e8e3e2f-98e2-48e4-b829-e239ca4734e0"
        }
      ]
    },
    {
      "id": "b744e5db-0a7f-4f9d-8811-bb4cede01a52",
      "label": "Teams: Create a Membership from list of users",
      "presentation": "{\"w\":60,\"x\":245,\"h\":60,\"y\":362}",
      "step": "f1f9c0f0-eee3-41bc-be1a-f3460caf4144",
      "stepType": "SCRIPT_STEP"
    },
    {
      "id": "e15afbef-70e0-4532-9dea-dbf78aa4c93e",
      "label": "Teams: Create a Message",
      "presentation": "{\"w\":60,\"x\":95,\"h\":60,\"y\":74}",
      "step": "d86db88b-8e75-4957-8424-631c364f46d7",
      "stepType": "SCRIPT_STEP"
    },
    {
      "id": "3995ecca-fbb9-4d4b-a1ac-1a5c152709b8",
      "label": "Teams: Create a Room",
      "presentation": "{\"w\":60,\"x\":98,\"h\":60,\"y\":214}",
      "step": "304f9cf8-a284-4d74-ad15-c265b6f3b03d",
      "stepType": "SCRIPT_STEP"
    },
    {
      "id": "80679d05-1de9-4ce5-abb4-1673711b7dd6",
      "label": "Teams: Delete a room",
      "presentation": "{\"w\":60,\"x\":661,\"h\":60,\"y\":217}",
      "step": "019ca2eb-eea8-45f2-8dfa-94c0536a76f7",
      "stepType": "SCRIPT_STEP"
    },
    {
      "id": "123da2a5-17ce-4a0c-ab31-f81e0f5fc3e8",
      "label": "Teams: Get Token",
      "presentation": "{\"w\":60,\"x\":90,\"h\":60,\"y\":520}",
      "step": "a38001f4-0727-4e2f-8730-436476f60426",
      "stepType": "SCRIPT_STEP",
      "inputMappings": [
        {
          "inputPort": "input",
          "mapping": "refresh_token",
          "stepInput": "4a6610b1-da97-4ef7-a278-c9676bc51aed"
        }
      ]
    },
    {
      "id": "193d5aba-f1f9-4f21-9d7f-4117d7eba527",
      "label": "Teams: Get room details",
      "presentation": "{\"w\":60,\"x\":376,\"h\":60,\"y\":215}",
      "step": "e0ab324a-7393-4ab2-b2a3-65f639e71c18",
      "stepType": "SCRIPT_STEP"
    },
    {
      "id": "c5272472-e442-41b0-af5e-cb642644ef0b",
      "label": "Teams: Get room meeting details",
      "presentation": "{\"w\":60,\"x\":512,\"h\":60,\"y\":208}",
      "step": "5a8594bb-c8ba-43bd-9d10-13fddcea9a6f",
      "stepType": "SCRIPT_STEP"
    },
    {
      "id": "76cc1caf-ef9e-46a3-89e7-db7f07f1774c",
      "label": "Teams: List Messages",
      "presentation": "{\"w\":60,\"x\":249,\"h\":60,\"y\":81}",
      "step": "8be3651c-a52d-4134-b1c3-4da635915750",
      "stepType": "SCRIPT_STEP",
      "inputMappings": [
        {
          "inputPort": "input",
          "mapping": "50",
          "stepInput": "c6613c2e-d971-4605-a9da-34b7592c1815"
        }
      ]
    },
    {
      "id": "bee235c4-f865-47e8-a236-a23d36df0b85",
      "label": "Teams: Update a room",
      "presentation": "{\"w\":60,\"x\":251,\"h\":60,\"y\":217}",
      "step": "c49ef1e7-fabc-46f2-ad14-89d826393b3b",
      "stepType": "SCRIPT_STEP"
    }
  ]
}