{
  "name": "Webex Teams Workflow",
  "description": "",
  "form": "0b1abeca-937f-431c-9eb8-6d51ecc8faa0",
  "blocks": [
    {
      "id": "821fd0ec-1019-4188-8a63-9e0383899186",
      "label": "Teams: Create a Membership",
      "environment": "HOSTED",
      "presentation": "{\"w\":60,\"x\":99,\"h\":60,\"y\":358}",
      "step": "1d877267-62ea-41cf-95f3-1ecb750f5172",
      "stepType": "SCRIPT_STEP",
      "inputMappings": [
        {
          "inputPort": "input",
          "mapping": "false",
          "stepInput": "d0ef9610-f964-4c38-abb5-bc1af2799353"
        }
      ]
    },
    {
      "id": "b30aaa5e-9abf-40a7-9a8e-65f76bce219c",
      "label": "Teams: Create a Membership from list of users",
      "environment": "HOSTED",
      "presentation": "{\"w\":60,\"x\":245,\"h\":60,\"y\":362}",
      "step": "0e559e0f-7adf-4e53-8341-5757979a7f76",
      "stepType": "SCRIPT_STEP"
    },
    {
      "id": "813c0ae2-7846-480c-991c-ee0aaf6a2d7c",
      "label": "Teams: Create a Message",
      "environment": "HOSTED",
      "presentation": "{\"w\":60,\"x\":95,\"h\":60,\"y\":74}",
      "step": "dd66c850-77f8-41f1-a580-c025abfa5eee",
      "stepType": "SCRIPT_STEP"
    },
    {
      "id": "2e4e842f-6789-4dc8-bdab-e8e12a6e518b",
      "label": "Teams: Create a Room",
      "environment": "HOSTED",
      "presentation": "{\"w\":60,\"x\":98,\"h\":60,\"y\":214}",
      "step": "89b2bd68-c5e8-44e1-8e31-88927a1bd812",
      "stepType": "SCRIPT_STEP"
    },
    {
      "id": "fbfaedfa-9de9-4818-99ad-2ddc3ba34be3",
      "label": "Teams: Delete a room",
      "environment": "HOSTED",
      "presentation": "{\"w\":60,\"x\":661,\"h\":60,\"y\":217}",
      "step": "73bd9160-0522-4072-bc34-78d77ab3abc2",
      "stepType": "SCRIPT_STEP"
    },
    {
      "id": "b968c530-d0bc-4237-b560-e0d703747657",
      "label": "Teams: Get Token",
      "environment": "HOSTED",
      "presentation": "{\"w\":60,\"x\":90,\"h\":60,\"y\":520}",
      "step": "0a77abbe-c1f3-4a0d-ac88-ece86b25c49d",
      "stepType": "SCRIPT_STEP",
      "inputMappings": [
        {
          "inputPort": "input",
          "mapping": "refresh_token",
          "stepInput": "e61a1f78-92ea-4283-b461-cad2d0a5bfd1"
        }
      ]
    },
    {
      "id": "b7d10f21-9453-4504-82f2-0f68c1129c0f",
      "label": "Teams: Get room details",
      "environment": "HOSTED",
      "presentation": "{\"w\":60,\"x\":376,\"h\":60,\"y\":215}",
      "step": "e3187c72-c497-4931-89e1-5bafa452fef4",
      "stepType": "SCRIPT_STEP"
    },
    {
      "id": "14d850ab-6ee9-4e65-97d7-5057dd7398bf",
      "label": "Teams: Get room meeting details",
      "environment": "HOSTED",
      "presentation": "{\"w\":60,\"x\":512,\"h\":60,\"y\":208}",
      "step": "435358c7-b854-4600-9313-03024f7f9b8b",
      "stepType": "SCRIPT_STEP"
    },
    {
      "id": "befa61d7-679a-4cf2-b779-1976536bf1a0",
      "label": "Teams: List Messages",
      "environment": "HOSTED",
      "presentation": "{\"w\":60,\"x\":249,\"h\":60,\"y\":81}",
      "step": "01d405ff-b853-431c-b001-8c1bdd070abd",
      "stepType": "SCRIPT_STEP",
      "inputMappings": [
        {
          "inputPort": "input",
          "mapping": "50",
          "stepInput": "d3ac6aae-6450-41ef-92ac-8b98622f73b6"
        }
      ]
    },
    {
      "id": "bffe214f-c88b-44e3-88f7-a6df322a0c5c",
      "label": "Teams: Update a room",
      "environment": "HOSTED",
      "presentation": "{\"w\":60,\"x\":251,\"h\":60,\"y\":217}",
      "step": "6dc5ab2f-91aa-443f-92fa-b4708034912b",
      "stepType": "SCRIPT_STEP"
    }
  ]
}