[
  {
    "id": "0a95abb0-0a6a-4f18-b06e-4d8e144d954a",
    "name": "Teams: Create a Membership",
    "description": "Add someone to a room by email address; optionally making them a moderator.",
    "icon": "http://s3-xmatters-static.s3.amazonaws.com/null/customers/8d580702-986e-4de3-873d-3a75b8073b42/IMAGE__20190905164555346__246x0w.png",
    "script": "    var apiRequest = http.request({\n        'endpoint': 'teams',\n        'path': '/v1/memberships/',\n        'method': 'POST',\n        'headers': {\n            'Authorization': 'Bearer ' + constants['teams_bot_token']\n        }\n    });\n    \n    \n    data = {};\n    data.roomId = input['roomId'];\n    data.personEmail = input['personEmail'];\n    data.isModerator = input['isModerator'];\n\n    \n    var apiResponse = apiRequest.write(data);\n    \n    output['statusCode'] = apiResponse.statusCode;  \n    \n    if (apiResponse.statusCode == 200) {\n        var response = JSON.parse(apiResponse.body);\n        output['id'] = response.id;\n        output['roomId'] = response.roomId;\n        output['personId'] = response.personId;\n        output['personEmail'] = response.personEmail;\n        output['personDisplayName'] = response.personDisplayName;\n        output['personOrgId'] = response.personOrgId;\n        output['isModerator'] = response.isModerator;\n        output['isMonitor'] = response.isMonitor;\n        output['created'] = response.created;\n \n    }\n\n",
    "endpointAuthType": "NO_AUTH",
    "endpointLabel": "teams",
    "allowedEnvironment": "HOSTED",
    "accessibleByAll": "NotShared",
    "scriptStepType": "USER",
    "inputs": [
      {
        "id": "1f1c4c1e-1492-462f-866b-a43996176276",
        "name": "roomId",
        "helpText": "The unique identifier for the room.",
        "defaultValue": "",
        "multiline": false,
        "required": true,
        "maxLength": 200,
        "minLength": 0,
        "position": 0
      },
      {
        "id": "12d2f262-6d1f-4707-88fe-15e01324cb0f",
        "name": "personEmail",
        "helpText": "The email address of the person.",
        "defaultValue": "",
        "multiline": false,
        "required": true,
        "maxLength": 2000,
        "minLength": 0,
        "position": 1
      },
      {
        "id": "7e8e3e2f-98e2-48e4-b829-e239ca4734e0",
        "name": "isModerator",
        "helpText": "Whether or not the participant is a room moderator. Can be true or false.",
        "defaultValue": "false",
        "multiline": false,
        "required": true,
        "maxLength": 2000,
        "minLength": 0,
        "position": 2
      }
    ],
    "outputs": [
      {
        "id": "fb3eebbe-5cbe-417e-bdc6-f08614582549",
        "name": "statusCode",
        "position": 0
      },
      {
        "id": "84848165-9ca6-4296-829e-f4498ee7280b",
        "name": "id",
        "position": 1
      },
      {
        "id": "0b401b30-c500-4896-8070-cb4387e44478",
        "name": "roomId",
        "position": 2
      },
      {
        "id": "99a07901-ca75-437b-b9bf-dfe11393ec44",
        "name": "personId",
        "position": 3
      },
      {
        "id": "991ad6c0-025b-4270-86ae-b2785dfb2e50",
        "name": "personEmail",
        "position": 4
      },
      {
        "id": "a1689467-5b07-4789-92eb-6dd4c46bdd7c",
        "name": "personDisplayName",
        "position": 5
      },
      {
        "id": "264e4146-6ead-42b1-a66b-62a3f9ea6023",
        "name": "personOrgId",
        "position": 6
      },
      {
        "id": "4121ecb9-517a-4907-8a61-20c9a7a041d2",
        "name": "isModerator",
        "position": 7
      },
      {
        "id": "7a15dcc4-a3b3-443f-9087-b3c009a7efe0",
        "name": "isMonitor",
        "position": 8
      },
      {
        "id": "db98d4aa-efe2-45b6-bf30-9fbabb72bb60",
        "name": "created",
        "position": 9
      }
    ]
  },
  {
    "id": "d86db88b-8e75-4957-8424-631c364f46d7",
    "name": "Teams: Create a Message",
    "description": "Post a plain text or rich text message to a room.",
    "icon": "http://s3-xmatters-static.s3.amazonaws.com/null/customers/8d580702-986e-4de3-873d-3a75b8073b42/IMAGE__20190905164555346__246x0w.png",
    "script": "var apiRequest = http.request({\n    'endpoint': 'teams',\n    'path': '/v1/messages/',\n    'method': 'POST',\n    'headers': {\n        'Content-Type': 'application/json',\n        'Authorization': 'Bearer ' + constants['teams_bot_token']\n    }\n});\n\ndata = {};\ndata.roomId = input['roomId'];\nif (input['markdown'] !== 'undefined'){\ndata.markdown = input['markdown'];\n}\nelse if (input['text'] !== 'undefined'){\ndata.text = input['text'];\n}\n\nif (input['files'] !== 'undefined'){\ndata.files = [];\ndate.files.push(input['files']);\n}\n\n\nvar apiResponse = apiRequest.write(data);\n\noutput['statusCode'] = apiResponse.statusCode;  \n\nif (apiResponse.statusCode == 200) {\n    var response = JSON.parse(apiResponse.body);\n    output['id'] = response.id;\n    output['roomId'] = response.roomId;\n    output['text'] = response.text;\n    output['markdown'] = response.markdown;\n    output['files'] = response.files;\n    output['created'] = response.created;\n}",
    "endpointAuthType": "NO_AUTH",
    "endpointLabel": "teams",
    "allowedEnvironment": "HOSTED",
    "accessibleByAll": "NotShared",
    "scriptStepType": "USER",
    "inputs": [
      {
        "id": "1f41dc29-080b-48d8-b57e-4d70910ffa6f",
        "name": "roomId",
        "helpText": "The unique identifier for the room.",
        "defaultValue": "",
        "multiline": false,
        "required": true,
        "maxLength": 200,
        "minLength": 0,
        "position": 0
      },
      {
        "id": "1c531f36-59c7-4e88-9b64-8ae77b6a9f18",
        "name": "text",
        "helpText": "The message, in plain text. If markdown is specified this parameter may be optionally used to provide alternate text for UI clients that do not support rich text. The maximum message length is 7439 bytes.",
        "defaultValue": "",
        "multiline": false,
        "required": false,
        "maxLength": 20000,
        "minLength": 0,
        "position": 1
      },
      {
        "id": "e1b6fda9-bc4c-45a4-be1b-5f0b1f09441b",
        "name": "markdown",
        "helpText": "The message, in Markdown format. The maximum message length is 7439 bytes.",
        "defaultValue": "",
        "multiline": false,
        "required": false,
        "maxLength": 20000,
        "minLength": 0,
        "position": 2
      },
      {
        "id": "45c66b18-17e0-4c54-9fb3-4e0d41b5d24a",
        "name": "files",
        "helpText": "The public URL to a binary file to be posted into the room. Only one file is allowed per message. Uploaded files are automatically converted into a format that all Webex Teams clients can render. For the supported media types and the behavior of uploads, see the",
        "multiline": false,
        "required": false,
        "maxLength": 20000,
        "minLength": 0,
        "position": 3
      }
    ],
    "outputs": [
      {
        "id": "8fc01373-6163-42c0-941f-90118188903e",
        "name": "statusCode",
        "position": 0
      },
      {
        "id": "afddda64-8404-48c3-a2f5-0f509ff338ae",
        "name": "id",
        "position": 1
      },
      {
        "id": "dc2a11ab-34b0-426a-b87e-c9216e6fd193",
        "name": "roomId",
        "position": 2
      },
      {
        "id": "a9c371fd-09bf-4f68-8c43-d90a7ebf3dfd",
        "name": "roomType",
        "position": 3
      },
      {
        "id": "c59346a1-7485-41e1-84ce-087d8cb02f68",
        "name": "toPersonId",
        "position": 4
      },
      {
        "id": "a5c9775d-2427-4bcc-956c-73ef2f57cace",
        "name": "toPersonEmail",
        "position": 5
      },
      {
        "id": "75040282-76a5-41c0-8652-a94117cb430f",
        "name": "text",
        "position": 6
      },
      {
        "id": "a395c0b4-8ac3-4c87-97c7-fd05eef678eb",
        "name": "markdown",
        "position": 7
      },
      {
        "id": "83286df0-35ad-477d-82e5-582ac068eece",
        "name": "files",
        "position": 8
      },
      {
        "id": "4fa50d8f-adcb-4461-851f-9e21ab73d200",
        "name": "personId",
        "position": 9
      },
      {
        "id": "691d65a8-03d7-4c4d-987e-f352189b8a89",
        "name": "personEmail",
        "position": 10
      },
      {
        "id": "32180ada-cd29-44ce-a3e5-4aede0215f05",
        "name": "mentionedPeople",
        "position": 11
      },
      {
        "id": "e955f8ed-644c-44c8-b1c5-6acbd0400a8f",
        "name": "mentionedGroups",
        "position": 12
      },
      {
        "id": "dfd1e1a1-5933-4523-a29e-38ed719fd7a4",
        "name": "created",
        "position": 13
      }
    ]
  },
  {
    "id": "304f9cf8-a284-4d74-ad15-c265b6f3b03d",
    "name": "Teams: Create a Room",
    "description": "Creates a room. The authenticated user is automatically added as a member of the room. See the Memberships API to learn how to add more people to the room.",
    "icon": "http://s3-xmatters-static.s3.amazonaws.com/null/customers/8d580702-986e-4de3-873d-3a75b8073b42/IMAGE__20190905164555346__246x0w.png",
    "script": "var apiRequest = http.request({\n    'endpoint': 'teams',\n    'path': '/v1/rooms',\n    'method': 'POST',\n    'headers': {\n          'Authorization': 'Bearer ' + constants['teams_bot_token']\n        \n    }\n});\ndata = {};\ndata.title = input['title'];\n\nvar apiResponse = apiRequest.write(data);\n\noutput['statusCode'] =  apiResponse.statusCode;\n\nif (apiResponse.statusCode == 200) {\n    \n    var response = JSON.parse(apiResponse.body);\n    \n    output['id'] = response.id;\n    output['title'] = response.title;\n    output['type'] = response.type;\n    output['isLocked'] = response.isLocked;\n    output['lastActivity'] = response.lastActivity;\n    output['creatorId'] = response.creatorId;\n    output['created'] = response.created;\n}",
    "endpointAuthType": "NO_AUTH",
    "endpointLabel": "teams",
    "allowedEnvironment": "HOSTED",
    "accessibleByAll": "NotShared",
    "scriptStepType": "USER",
    "inputs": [
      {
        "id": "4c717949-d3f6-4109-8aec-53954eab9b18",
        "name": "title",
        "helpText": "",
        "defaultValue": "",
        "multiline": true,
        "required": true,
        "maxLength": 2000,
        "minLength": 0,
        "position": 0
      }
    ],
    "outputs": [
      {
        "id": "4e429923-5f2e-43f1-9bc6-a2d492035a67",
        "name": "statusCode",
        "position": 0
      },
      {
        "id": "e21ea49e-292e-4216-a2dd-7f74d30f9414",
        "name": "id",
        "position": 1
      },
      {
        "id": "fd098003-d69c-4b62-b3da-48dfaea1c789",
        "name": "title",
        "position": 2
      },
      {
        "id": "94941bb4-610e-4b08-b195-f38df60ac864",
        "name": "type",
        "position": 3
      },
      {
        "id": "a6e86576-94e4-4a57-8972-88175d268793",
        "name": "isLocked",
        "position": 4
      },
      {
        "id": "beda9441-7248-4387-a0c1-a8c1c68994ef",
        "name": "lastActivity",
        "position": 5
      },
      {
        "id": "c28714bd-2369-4c84-b2c1-81317fc0e4f7",
        "name": "creatorId",
        "position": 6
      },
      {
        "id": "b5a82534-76f7-4098-b527-8e9cbc8ed15d",
        "name": "created",
        "position": 7
      }
    ]
  },
  {
    "id": "f1f9c0f0-eee3-41bc-be1a-f3460caf4144",
    "name": "Teams: Create Memberships from list of emails",
    "description": "Add a list of users a room by email address.",
    "icon": "http://s3-xmatters-static.s3.amazonaws.com/null/customers/8d580702-986e-4de3-873d-3a75b8073b42/IMAGE__20190905164555346__246x0w.png",
    "script": "var person_list = input['personIds'].split(\",\");     \n  \nfor (var m in person_list){\n\n    var apiRequest = http.request({\n        'endpoint': 'teams',\n        'path': '/v1/memberships/',\n        'method': 'POST',\n        'headers': {\n            'Authorization': 'Bearer ' + constants['teams_bot_token']\n        }\n    });\n    \n    \n    data = {};\n    data.roomId = input['roomId'];\n    \n    if (input['emailDomain'] !== \"undefined\"){\n       data.personEmail = input['personId'][m] + input['emailDomain'];\n    }\n    else {\n       data.personEmail = input['personId'][m];\n    }\n   \n    var apiResponse = apiRequest.write(data);\n    \n    output['statusCode'] = apiResponse.statusCode;  \n    \n    if (apiResponse.statusCode == 200) {\n        var response = JSON.parse(apiResponse.body);\n        output['roomId'] = response.roomId;\n    }\n\n}\n",
    "endpointAuthType": "NO_AUTH",
    "endpointLabel": "teams",
    "allowedEnvironment": "HOSTED",
    "accessibleByAll": "NotShared",
    "scriptStepType": "USER",
    "inputs": [
      {
        "id": "ae2690b1-21f2-4ce0-8350-92e6a97563d2",
        "name": "roomId",
        "helpText": "The unique identifier for the room.",
        "defaultValue": "",
        "multiline": false,
        "required": true,
        "maxLength": 200,
        "minLength": 0,
        "position": 0
      },
      {
        "id": "643252dc-2ee7-4d4d-bd94-737fca8fba4d",
        "name": "personIds",
        "helpText": "Comma separated list of user emails to add to room. If you only have xMatters id's, you can provide the part before @ symbol and set email domain. The script will append these values together to create a valid email address.",
        "defaultValue": "",
        "multiline": true,
        "required": true,
        "maxLength": 2000,
        "minLength": 0,
        "position": 1
      },
      {
        "id": "b8c17c31-4840-4fd9-b646-c281f8d2bb26",
        "name": "emailDomain",
        "helpText": "The email domain to add to end of each user id. example: \"@acme.com\". This can be used if your user id's in Teams are email addresses and you want to convert xMatters id's to email addresses. The script will add this value to the end of each user id. Leave this field empty if you do not want to add anything. Example: Some one with a personID of jsmith will become jsmith@acme.com",
        "defaultValue": "",
        "multiline": false,
        "required": false,
        "maxLength": 2000,
        "minLength": 0,
        "position": 2
      }
    ],
    "outputs": [
      {
        "id": "e4c15e26-a6cd-4448-a5d8-14ad7eb6d65c",
        "name": "statusCode",
        "position": 0
      },
      {
        "id": "011445ff-009e-46e8-9a0b-c065bcaf1f24",
        "name": "roomId",
        "position": 1
      }
    ]
  },
  {
    "id": "019ca2eb-eea8-45f2-8dfa-94c0536a76f7",
    "name": "Teams: Delete a room",
    "description": "Deletes a room, by ID. Deleted rooms cannot be recovered. Deleting a room that is part of a team will archive the room instead.",
    "icon": "http://s3-xmatters-static.s3.amazonaws.com/null/customers/8d580702-986e-4de3-873d-3a75b8073b42/IMAGE__20190905164555346__246x0w.png",
    "script": "var apiRequest = http.request({\n    'endpoint': 'teams',\n    'path': '/v1/rooms/' + input['roomId'],\n    'method': 'DELETE',\n    'headers': {\n        'Authorization': 'Bearer ' + constants['teams_bot_token']\n    }\n});\n\nvar apiResponse = apiRequest.write();\n\noutput['statusCode'] = apiResponse.statusCode;  ",
    "endpointAuthType": "NO_AUTH",
    "endpointLabel": "teams",
    "allowedEnvironment": "HOSTED",
    "accessibleByAll": "NotShared",
    "scriptStepType": "USER",
    "inputs": [
      {
        "id": "56e795b7-b3c9-41cc-8e73-8e993f42e489",
        "name": "roomId",
        "helpText": "The unique identifier for the room.",
        "defaultValue": "",
        "multiline": false,
        "required": true,
        "maxLength": 200,
        "minLength": 0,
        "position": 0
      }
    ],
    "outputs": [
      {
        "id": "10d58e77-c9f2-4778-bb60-5addb4430d96",
        "name": "statusCode",
        "position": 0
      }
    ]
  },
  {
    "id": "e0ab324a-7393-4ab2-b2a3-65f639e71c18",
    "name": "Teams: Get room details",
    "description": "Get room details",
    "icon": "http://s3-xmatters-static.s3.amazonaws.com/null/customers/8d580702-986e-4de3-873d-3a75b8073b42/IMAGE__20190905164555346__246x0w.png",
    "script": "var apiRequest = http.request({\n    'endpoint': 'teams',\n    'path': '/v1/rooms/' + input['roomId'],\n    'method': 'GET',\n    'headers': {\n        'Authorization': 'Bearer ' + constants['teams_bot_token']\n    }\n});\n\nvar apiResponse = apiRequest.write();\n\noutput['statusCode'] = apiResponse.statusCode;  \n\nif (apiResponse.statusCode == 200) {\n    var response = JSON.parse(apiResponse.body);\n    output['id'] = response.id;\n    output['title'] = response.title;\n    output['type'] = response.type;\n    output['isLocked'] = response.isLocked;\n    output['teamId'] = response.teamId;\n    output['lastActivity'] = response.lastActivity;\n    output['creatorId'] = response.creatorId;\n    output['created'] = response.created;\n    output['sipAddress'] = response.sipAddress;\n}",
    "endpointAuthType": "NO_AUTH",
    "endpointLabel": "teams",
    "allowedEnvironment": "HOSTED",
    "accessibleByAll": "NotShared",
    "scriptStepType": "USER",
    "inputs": [
      {
        "id": "3f9fe917-9c9a-46e4-a489-4ef0c876b263",
        "name": "roomId",
        "helpText": "The unique identifier for the room.",
        "defaultValue": "",
        "multiline": false,
        "required": true,
        "maxLength": 200,
        "minLength": 0,
        "position": 0
      }
    ],
    "outputs": [
      {
        "id": "2693d938-6b47-4e2e-8fb7-e2cdbf6bcedd",
        "name": "statusCode",
        "position": 0
      },
      {
        "id": "5e5b6cb6-a14a-4de8-b1d1-a7cf1791a58d",
        "name": "id",
        "position": 1
      },
      {
        "id": "6f7d3093-10f1-4f6a-84c5-c83e109b0a59",
        "name": "title",
        "position": 2
      },
      {
        "id": "510db04f-2ad4-4c82-abe0-76dae520f0fd",
        "name": "type",
        "position": 3
      },
      {
        "id": "706259ab-153b-4a77-a7f2-b08da2f3c003",
        "name": "isLocked",
        "position": 4
      },
      {
        "id": "3c3f6b28-fa5c-400f-9d12-3ea8042a7b96",
        "name": "teamId",
        "position": 5
      },
      {
        "id": "80447c21-ca31-454c-a4de-68f10c95ff49",
        "name": "lastActivity",
        "position": 6
      },
      {
        "id": "9ca47b4e-79ff-4e3b-a200-9d43f8f970b4",
        "name": "creatorId",
        "position": 7
      },
      {
        "id": "61ea7b29-6ad8-496a-b719-6f8a7c6da65f",
        "name": "created",
        "position": 8
      },
      {
        "id": "96ab2212-8198-49dd-9ca7-4f36a733ce7f",
        "name": "sipAddress",
        "position": 9
      }
    ]
  },
  {
    "id": "5a8594bb-c8ba-43bd-9d10-13fddcea9a6f",
    "name": "Teams: Get room meeting details",
    "description": "Shows Webex meeting details for a room such as the SIP address, meeting URL, toll-free and toll dial-in numbers.",
    "icon": "http://s3-xmatters-static.s3.amazonaws.com/null/customers/8d580702-986e-4de3-873d-3a75b8073b42/IMAGE__20190905164555346__246x0w.png",
    "script": "var apiRequest = http.request({\n    'endpoint': 'teams',\n    'path': '/v1/rooms/' + input['roomId'] + \"/meetingInfo\",\n    'method': 'GET',\n    'headers': {\n        'Authorization': 'Bearer ' + constants['teams_bot_token']\n    }\n});\n\nvar apiResponse = apiRequest.write();\n\noutput['statusCode'] = apiResponse.statusCode;  \n\nif (apiResponse.statusCode == 200) {\n    var response = JSON.parse(apiResponse.body);\n    output['roomId'] = response.roomId;\n    output['meetingLink'] = response.meetingLink;\n    output['sipAddress'] = response.sipAddress;\n    output['meetingNumber'] = response.meetingNumber;\n    output['callInTollFreeNumber'] = response.callInTollFreeNumber;\n    output['callInTollNumber'] = response.callInTollNumber;\n}",
    "endpointAuthType": "NO_AUTH",
    "endpointLabel": "teams",
    "allowedEnvironment": "HOSTED",
    "accessibleByAll": "NotShared",
    "scriptStepType": "USER",
    "inputs": [
      {
        "id": "6fefcfd1-089f-4293-baf7-c468d9ea94e5",
        "name": "roomId",
        "helpText": "The unique identifier for the room.",
        "defaultValue": "",
        "multiline": false,
        "required": true,
        "maxLength": 200,
        "minLength": 0,
        "position": 0
      }
    ],
    "outputs": [
      {
        "id": "55e8709d-18d8-47e2-b736-b61bfbfa2f19",
        "name": "statusCode",
        "position": 0
      },
      {
        "id": "9c07d83d-6447-49ce-ac89-860e068d138c",
        "name": "roomId",
        "position": 1
      },
      {
        "id": "be0faf5c-e8ac-46a4-b3fd-ed3f7b215077",
        "name": "meetingLink",
        "position": 2
      },
      {
        "id": "6dec682c-10ac-45e4-ae57-56d1dcfbe324",
        "name": "sipAddress",
        "position": 3
      },
      {
        "id": "c283fed2-fc47-4e22-ab51-94e912fbe9eb",
        "name": "meetingNumber",
        "position": 4
      },
      {
        "id": "20bc15e5-e7cd-417f-84d5-45d664cf344d",
        "name": "callInTollFreeNumber",
        "position": 5
      },
      {
        "id": "74d02445-1e05-4b13-b201-4c8453b15138",
        "name": "callInTollNumber",
        "position": 6
      }
    ]
  },
  {
    "id": "a38001f4-0727-4e2f-8730-436476f60426",
    "name": "Teams: Get Token",
    "description": "Get Webex Teams Access Token from user refresh token.",
    "icon": "http://s3-xmatters-static.s3.amazonaws.com/null/customers/8d580702-986e-4de3-873d-3a75b8073b42/IMAGE__20190905164555346__246x0w.png",
    "script": "var query = 'grant_type=' + input['grant_type'] + '&client_id=' + input['client_id'] + '&client_secret=' + input['client_secret'] + \"&refresh_token=\" + input['refresh_token'];\n\nvar apiRequest = http.request({\n    'autoEncodeURI': false,\n    'endpoint': 'teams',\n    'path': '/v1/access_token?' + query,\n    'method': 'POST',\n    'headers': {\n       'Content-Type': 'application/x-www-form-urlencoded'\n    }\n});\nvar apiResponse = apiRequest.write();\n\nif (apiResponse.statusCode == 200) {\n\n    var response = JSON.parse(apiResponse.body);\n    output['access_token'] = response.access_token;\n}",
    "endpointAuthType": "NO_AUTH",
    "endpointLabel": "teams",
    "allowedEnvironment": "HOSTED",
    "accessibleByAll": "NotShared",
    "scriptStepType": "USER",
    "inputs": [
      {
        "id": "4a6610b1-da97-4ef7-a278-c9676bc51aed",
        "name": "grant_type",
        "helpText": "",
        "defaultValue": "refresh_token",
        "multiline": false,
        "required": true,
        "maxLength": 2000,
        "minLength": 0,
        "position": 0
      },
      {
        "id": "b9264660-4cba-42b0-8d29-6ba7ef3d470f",
        "name": "client_id",
        "helpText": "",
        "defaultValue": "",
        "multiline": false,
        "required": true,
        "maxLength": 2000,
        "minLength": 0,
        "position": 1
      },
      {
        "id": "3b70d276-ab07-45e2-8117-b35d7074d56f",
        "name": "client_secret",
        "helpText": "",
        "defaultValue": "",
        "multiline": false,
        "required": true,
        "maxLength": 2000,
        "minLength": 0,
        "position": 2
      },
      {
        "id": "97e4f887-fa21-430c-bbc4-fbe39ce31464",
        "name": "refresh_token",
        "helpText": "",
        "defaultValue": "",
        "multiline": false,
        "required": true,
        "maxLength": 2000,
        "minLength": 0,
        "position": 3
      }
    ],
    "outputs": [
      {
        "id": "d51df53c-b6ca-4fcb-b61c-6c00cd87dcbe",
        "name": "access_token",
        "position": 0
      }
    ]
  },
  {
    "id": "8be3651c-a52d-4134-b1c3-4da635915750",
    "name": "Teams: List Messages",
    "description": "Lists all messages in a room. Each message will include content attachments if present. The list sorts the messages in descending order by creation date. This step will concatenate message created date, personEmail and message text. for the last 50 messages. You can customize this step to paginate through more results.",
    "icon": "http://s3-xmatters-static.s3.amazonaws.com/null/customers/8d580702-986e-4de3-873d-3a75b8073b42/IMAGE__20190905164555346__246x0w.png",
    "script": "if (input['before'] !== undefined) {\n    var before = \"&before=\" + input['before']\n}\nelse {\n    var before = \"\";\n}\n\n\nvar apiRequest = http.request({\n    'endpoint': 'teams',\n    'path': '/v1/messages/?roomId=' + input['roomId'] + \"&max=\" + input['max'] + before,\n    'method': 'GET',\n    'headers': {\n        'Authorization': 'Bearer ' + input['access_token']\n    }\n});\n\nvar apiResponse = apiRequest.write();\n\noutput['statusCode'] = apiResponse.statusCode;  \n\n\n var message_history = \"\";\nif (apiResponse.statusCode == 200) {\n    \n    var response = JSON.parse(apiResponse.body);\n    for (var m in response.items) {\n        \n       message_history =  message_history + \"\\n\" +  response.items[m].created + \" \" + response.items[m].personEmail + \": \" + response.items[m].text;\n       \n    }\n   \n   output['history'] = message_history;\n   \n   \n}",
    "endpointAuthType": "NO_AUTH",
    "endpointLabel": "teams",
    "allowedEnvironment": "HOSTED",
    "accessibleByAll": "NotShared",
    "scriptStepType": "USER",
    "inputs": [
      {
        "id": "5b1f3ba3-ac7a-4579-8bee-34a67caee270",
        "name": "access_token",
        "helpText": "Webex Teams Bot does not have permission to list messages. You will need to generate an access token. Webex Teams Documentation here: https://developer.webex.com/docs/integrations",
        "defaultValue": "",
        "multiline": false,
        "required": true,
        "maxLength": 2000,
        "minLength": 0,
        "position": 0
      },
      {
        "id": "db28c101-3f4a-4253-8f8e-bc57b1dae2c6",
        "name": "roomId",
        "helpText": "The unique identifier for the room.",
        "defaultValue": "",
        "multiline": false,
        "required": true,
        "maxLength": 200,
        "minLength": 0,
        "position": 1
      },
      {
        "id": "72775762-265f-4c13-adad-5187ca5e5d21",
        "name": "before",
        "helpText": "List messages sent before a date and time.",
        "defaultValue": "",
        "multiline": false,
        "required": false,
        "maxLength": 2000,
        "minLength": 0,
        "position": 2
      },
      {
        "id": "c6613c2e-d971-4605-a9da-34b7592c1815",
        "name": "max",
        "helpText": "Limit the maximum number of messages in the response.",
        "defaultValue": "50",
        "multiline": false,
        "required": true,
        "maxLength": 2000,
        "minLength": 0,
        "position": 3
      }
    ],
    "outputs": [
      {
        "id": "7c48b0e3-40b0-4552-a4e1-e9550562628b",
        "name": "statusCode",
        "position": 0
      },
      {
        "id": "39b55932-a83d-4704-a114-acdd8683ed53",
        "name": "history",
        "position": 1
      }
    ]
  },
  {
    "id": "c49ef1e7-fabc-46f2-ad14-89d826393b3b",
    "name": "Teams: Update a room",
    "description": "Updates details for a room, by ID.",
    "icon": "http://s3-xmatters-static.s3.amazonaws.com/null/customers/8d580702-986e-4de3-873d-3a75b8073b42/IMAGE__20190905164555346__246x0w.png",
    "script": "var apiRequest = http.request({\n    'endpoint': 'teams',\n    'path': '/v1/rooms/' + input['roomId'],\n    'method': 'PUT',\n    'headers': {\n        'Content-Type': 'application/json',\n        'Authorization': 'Bearer ' + constants['teams_bot_token']\n    }\n});\n\ndata = {};\ndata.title = input['title'];\n\nvar apiResponse = apiRequest.write(data);\n\noutput['statusCode'] = apiResponse.statusCode;  \n\nif (apiResponse.statusCode == 200) {\n    var response = JSON.parse(apiResponse.body);\n    output['id'] = response.id;\n    output['title'] = response.title;\n    output['type'] = response.type;\n    output['isLocked'] = response.isLocked;\n    output['teamId'] = response.teamId;\n    output['lastActivity'] = response.lastActivity;\n    output['creatorId'] = response.creatorId;\n    output['created'] = response.created;\n    output['sipAddress'] = response.sipAddress;\n}",
    "endpointAuthType": "NO_AUTH",
    "endpointLabel": "teams",
    "allowedEnvironment": "HOSTED",
    "accessibleByAll": "NotShared",
    "scriptStepType": "USER",
    "inputs": [
      {
        "id": "2a161244-1b78-4019-a725-d46eb723bdc8",
        "name": "roomId",
        "helpText": "The unique identifier for the room.",
        "defaultValue": "",
        "multiline": false,
        "required": true,
        "maxLength": 200,
        "minLength": 0,
        "position": 0
      },
      {
        "id": "a7ce9c5b-eccc-44e4-b82a-5c84a129d2af",
        "name": "title",
        "helpText": "",
        "defaultValue": "",
        "multiline": false,
        "required": true,
        "maxLength": 2000,
        "minLength": 0,
        "position": 1
      }
    ],
    "outputs": [
      {
        "id": "392b08e2-b228-4038-93da-4519c5a49e28",
        "name": "statusCode",
        "position": 0
      },
      {
        "id": "be9deabc-2baf-4d94-affa-dee32b38b30d",
        "name": "id",
        "position": 1
      },
      {
        "id": "41f1d826-1df9-453e-89a6-b681cd2ebd2e",
        "name": "title",
        "position": 2
      },
      {
        "id": "77a7851c-8ac4-4a48-a092-da296e8797f5",
        "name": "type",
        "position": 3
      },
      {
        "id": "b6208661-e895-4952-9865-eb2a88171b8f",
        "name": "isLocked",
        "position": 4
      },
      {
        "id": "c167bf3c-420e-4161-b1b1-f4d5b736c9bf",
        "name": "teamId",
        "position": 5
      },
      {
        "id": "428effc9-6d61-4a01-b701-ff5b9ccc9d25",
        "name": "lastActivity",
        "position": 6
      },
      {
        "id": "f9335998-e33e-4cd3-9c15-8ab3ef13544f",
        "name": "creatorId",
        "position": 7
      },
      {
        "id": "4b96a357-5dc8-4447-a978-648cfa363654",
        "name": "created",
        "position": 8
      },
      {
        "id": "a3e39ef3-765b-4bda-8dfe-edc0f555b180",
        "name": "sipAddress",
        "position": 9
      }
    ]
  }
]