[
  {
    "id": "1d877267-62ea-41cf-95f3-1ecb750f5172",
    "name": "Teams: Create a Membership",
    "description": "Add someone to a room by email address; optionally making them a moderator.",
    "icon": "http://s3-xmatters-static.s3.amazonaws.com/null/customers/8d580702-986e-4de3-873d-3a75b8073b42/IMAGE__20190905164555346__246x0w.png",
    "script": "    var apiRequest = http.request({\n        'endpoint': 'teams',\n        'path': '/v1/memberships/',\n        'method': 'POST',\n        'headers': {\n            'Authorization': 'Bearer ' + constants['teams_bot_token']\n        }\n    });\n    \n    \n    data = {};\n    data.roomId = input['roomId'];\n    data.personEmail = input['personEmail'];\n    data.isModerator = input['isModerator'];\n\n    \n    var apiResponse = apiRequest.write(data);\n    \n    output['statusCode'] = apiResponse.statusCode;  \n    \n    if (apiResponse.statusCode == 200) {\n        var response = JSON.parse(apiResponse.body);\n        output['id'] = response.id;\n        output['roomId'] = response.roomId;\n        output['personId'] = response.personId;\n        output['personEmail'] = response.personEmail;\n        output['personDisplayName'] = response.personDisplayName;\n        output['personOrgId'] = response.personOrgId;\n        output['isModerator'] = response.isModerator;\n        output['isMonitor'] = response.isMonitor;\n        output['created'] = response.created;\n \n    }\n\n",
    "endpointAuthType": "NO_AUTH",
    "endpointLabel": "teams",
    "allowedEnvironment": "HOSTED",
    "accessibleByAll": "NotShared",
    "scriptStepType": "USER",
    "inputs": [
      {
        "id": "9a0f2a07-f4a2-426b-bfa8-63629c167ed7",
        "name": "roomId",
        "helpText": "The unique identifier for the room.",
        "defaultValue": "",
        "multiline": false,
        "required": true,
        "validationRegex": "",
        "maxLength": 200,
        "minLength": 0,
        "position": 0
      },
      {
        "id": "37e8bb39-ebbd-461a-918e-c173ece8eb72",
        "name": "personEmail",
        "helpText": "The email address of the person.",
        "defaultValue": "",
        "multiline": false,
        "required": true,
        "validationRegex": "",
        "maxLength": 2000,
        "minLength": 0,
        "position": 1
      },
      {
        "id": "d0ef9610-f964-4c38-abb5-bc1af2799353",
        "name": "isModerator",
        "helpText": "Whether or not the participant is a room moderator. Can be true or false.",
        "defaultValue": "false",
        "multiline": false,
        "required": true,
        "validationRegex": "",
        "maxLength": 2000,
        "minLength": 0,
        "position": 2
      }
    ],
    "outputs": [
      {
        "id": "793d1d0e-451c-4363-902c-8ba815f3b5f5",
        "name": "statusCode",
        "description": "",
        "position": 0
      },
      {
        "id": "c38f2cbd-0396-4f9f-b87f-fe9b07d03645",
        "name": "id",
        "description": "",
        "position": 1
      },
      {
        "id": "f1cb6a48-7202-4e5a-ab26-9f72cc4f78e3",
        "name": "roomId",
        "description": "",
        "position": 2
      },
      {
        "id": "9975ebbd-4430-4fac-a811-8d095549ca47",
        "name": "personId",
        "description": "",
        "position": 3
      },
      {
        "id": "5a5f1b16-ae11-4f72-b2df-28d250148098",
        "name": "personEmail",
        "description": "",
        "position": 4
      },
      {
        "id": "1d259b0d-ff3a-4c59-8b32-6b597b9fa030",
        "name": "personDisplayName",
        "description": "",
        "position": 5
      },
      {
        "id": "31ae6708-d3de-49ab-93f4-b373d4f175db",
        "name": "personOrgId",
        "description": "",
        "position": 6
      },
      {
        "id": "cd1e010c-692a-44a0-83e8-45dd57ea3237",
        "name": "isModerator",
        "description": "",
        "position": 7
      },
      {
        "id": "82875242-77bb-4052-90b3-9e2cf5a89334",
        "name": "isMonitor",
        "description": "",
        "position": 8
      },
      {
        "id": "57c4de30-b431-461a-bb01-800209a7c4b2",
        "name": "created",
        "description": "",
        "position": 9
      }
    ],
    "libraries": []
  },
  {
    "id": "dd66c850-77f8-41f1-a580-c025abfa5eee",
    "name": "Teams: Create a Message",
    "description": "Post a plain text or rich text message to a room.",
    "icon": "http://s3-xmatters-static.s3.amazonaws.com/null/customers/8d580702-986e-4de3-873d-3a75b8073b42/IMAGE__20190905164555346__246x0w.png",
    "script": "var apiRequest = http.request({\n    'endpoint': 'teams',\n    'path': '/v1/messages/',\n    'method': 'POST',\n    'headers': {\n        'Content-Type': 'application/json',\n        'Authorization': 'Bearer ' + constants['teams_bot_token']\n    }\n});\n\ndata = {};\ndata.roomId = input['roomId'];\nif (input['markdown'] !== 'undefined'){\n   data.markdown = input['markdown'];\n}\nelse if (input['text'] !== 'undefined'){\n   data.text = input['text'];\n}\n\nif (input['files'] !== 'undefined'){\n   data.files = [];\n   data.files.push(input['files']);\n}\n\n\nvar apiResponse = apiRequest.write(data);\n\noutput['statusCode'] = apiResponse.statusCode;  \n\nif (apiResponse.statusCode == 200) {\n    var response = JSON.parse(apiResponse.body);\n    output['id'] = response.id;\n    output['roomId'] = response.roomId;\n    output['text'] = response.text;\n    output['markdown'] = response.markdown;\n    output['files'] = response.files;\n    output['created'] = response.created;\n}",
    "endpointAuthType": "NO_AUTH",
    "endpointLabel": "teams",
    "allowedEnvironment": "HOSTED",
    "accessibleByAll": "NotShared",
    "scriptStepType": "USER",
    "inputs": [
      {
        "id": "be6c7ad8-c859-431b-82d6-b6ccea958fc4",
        "name": "roomId",
        "helpText": "The unique identifier for the room.",
        "defaultValue": "",
        "multiline": false,
        "required": true,
        "validationRegex": "",
        "maxLength": 200,
        "minLength": 0,
        "position": 0
      },
      {
        "id": "6793aad7-6edf-4823-894d-f021d012ddcb",
        "name": "text",
        "helpText": "The message, in plain text. If markdown is specified this parameter may be optionally used to provide alternate text for UI clients that do not support rich text. The maximum message length is 7439 bytes.",
        "defaultValue": "",
        "multiline": false,
        "required": false,
        "validationRegex": "",
        "maxLength": 20000,
        "minLength": 0,
        "position": 1
      },
      {
        "id": "51e73d9b-abf4-4b85-86fe-5a9606e4b5b0",
        "name": "markdown",
        "helpText": "The message, in Markdown format. The maximum message length is 7439 bytes.",
        "defaultValue": "",
        "multiline": false,
        "required": false,
        "validationRegex": "",
        "maxLength": 20000,
        "minLength": 0,
        "position": 2
      },
      {
        "id": "54063294-979a-41e2-bf8a-1fc362af1190",
        "name": "files",
        "helpText": "The public URL to a binary file to be posted into the room. Only one file is allowed per message. Uploaded files are automatically converted into a format that all Webex Teams clients can render. For the supported media types and the behavior of uploads, see the",
        "defaultValue": "",
        "multiline": false,
        "required": false,
        "validationRegex": "",
        "maxLength": 20000,
        "minLength": 0,
        "position": 3
      }
    ],
    "outputs": [
      {
        "id": "8ff4530b-aaad-43bc-a0d1-246d5ab591c8",
        "name": "statusCode",
        "description": "",
        "position": 0
      },
      {
        "id": "842a1386-6a44-4d28-afa5-24aeb4e2df45",
        "name": "id",
        "description": "",
        "position": 1
      },
      {
        "id": "50a9d066-1950-4a30-bcad-7ea871362c87",
        "name": "roomId",
        "description": "",
        "position": 2
      },
      {
        "id": "20ff9b59-f3fe-40ff-bf95-80ba1d12eb07",
        "name": "roomType",
        "description": "",
        "position": 3
      },
      {
        "id": "5f10aa64-05d9-4cce-b187-b43c1d88ad2c",
        "name": "toPersonId",
        "description": "",
        "position": 4
      },
      {
        "id": "91b6da4f-73a5-464e-9131-4bc652bd12a4",
        "name": "toPersonEmail",
        "description": "",
        "position": 5
      },
      {
        "id": "4c9f0e86-d06d-4bd1-a2b6-5c16d1b03445",
        "name": "text",
        "description": "",
        "position": 6
      },
      {
        "id": "5abefb56-6bd2-49b0-b4d3-69228e2f5912",
        "name": "markdown",
        "description": "",
        "position": 7
      },
      {
        "id": "b15997fc-e787-4749-90ce-7ccf2468a4c6",
        "name": "files",
        "description": "",
        "position": 8
      },
      {
        "id": "a717e0c7-5911-412d-9134-f4e3ae22cca1",
        "name": "personId",
        "description": "",
        "position": 9
      },
      {
        "id": "5f85abad-0607-4ba4-84e4-45d762bd7fc5",
        "name": "personEmail",
        "description": "",
        "position": 10
      },
      {
        "id": "87df5f69-d79c-4618-967a-4842a53e1aff",
        "name": "mentionedPeople",
        "description": "",
        "position": 11
      },
      {
        "id": "5a96f75f-08b5-4bce-a470-6afd724f154f",
        "name": "mentionedGroups",
        "description": "",
        "position": 12
      },
      {
        "id": "1bc56a52-75c5-49d5-a961-7818cefa89be",
        "name": "created",
        "description": "",
        "position": 13
      }
    ],
    "libraries": []
  },
  {
    "id": "89b2bd68-c5e8-44e1-8e31-88927a1bd812",
    "name": "Teams: Create a Room",
    "description": "Creates a room. The authenticated user is automatically added as a member of the room. See the Memberships API to learn how to add more people to the room.",
    "icon": "http://s3-xmatters-static.s3.amazonaws.com/null/customers/8d580702-986e-4de3-873d-3a75b8073b42/IMAGE__20190905164555346__246x0w.png",
    "script": "var apiRequest = http.request({\n    'endpoint': 'teams',\n    'path': '/v1/rooms',\n    'method': 'POST',\n    'headers': {\n          'Authorization': 'Bearer ' + constants['teams_bot_token']\n        \n    }\n});\ndata = {};\ndata.title = input['title'];\n\nvar apiResponse = apiRequest.write(data);\n\noutput['statusCode'] =  apiResponse.statusCode;\n\nif (apiResponse.statusCode == 200) {\n    \n    var response = JSON.parse(apiResponse.body);\n    \n    output['id'] = response.id;\n    output['title'] = response.title;\n    output['type'] = response.type;\n    output['isLocked'] = response.isLocked;\n    output['lastActivity'] = response.lastActivity;\n    output['creatorId'] = response.creatorId;\n    output['created'] = response.created;\n}",
    "endpointAuthType": "NO_AUTH",
    "endpointLabel": "teams",
    "allowedEnvironment": "HOSTED",
    "accessibleByAll": "NotShared",
    "scriptStepType": "USER",
    "inputs": [
      {
        "id": "d46e77e4-6d8e-433f-bd71-6f4e14ac3f65",
        "name": "title",
        "helpText": "",
        "defaultValue": "",
        "multiline": true,
        "required": true,
        "validationRegex": "",
        "maxLength": 2000,
        "minLength": 0,
        "position": 0
      }
    ],
    "outputs": [
      {
        "id": "3fa1a5cb-a317-43f1-8998-c3316877568f",
        "name": "statusCode",
        "description": "",
        "position": 0
      },
      {
        "id": "aed60762-2a2e-4fe0-a86a-566545456e7d",
        "name": "id",
        "description": "",
        "position": 1
      },
      {
        "id": "6e6bb244-d87d-4c97-943e-ff7cd15dc8d5",
        "name": "title",
        "description": "",
        "position": 2
      },
      {
        "id": "cba6390b-067b-43a0-84b7-1107a509e495",
        "name": "type",
        "description": "",
        "position": 3
      },
      {
        "id": "1b3defba-208d-4a28-bf85-531c9edb4d76",
        "name": "isLocked",
        "description": "",
        "position": 4
      },
      {
        "id": "02653f8c-25bc-4d97-9eaf-abb485cd1538",
        "name": "lastActivity",
        "description": "",
        "position": 5
      },
      {
        "id": "c7ac722b-0b6c-4fdc-9694-44ba23683bdb",
        "name": "creatorId",
        "description": "",
        "position": 6
      },
      {
        "id": "ef1e3c20-84c0-4e66-8795-6b97075e2225",
        "name": "created",
        "description": "",
        "position": 7
      }
    ],
    "libraries": []
  },
  {
    "id": "0e559e0f-7adf-4e53-8341-5757979a7f76",
    "name": "Teams: Create Memberships from list of emails",
    "description": "Add a list of users a room by email address.",
    "icon": "http://s3-xmatters-static.s3.amazonaws.com/null/customers/8d580702-986e-4de3-873d-3a75b8073b42/IMAGE__20190905164555346__246x0w.png",
    "script": "var person_list = input['personIds'].split(\",\");     \n  \nfor (var m in person_list){\n\n    var apiRequest = http.request({\n        'endpoint': 'teams',\n        'path': '/v1/memberships/',\n        'method': 'POST',\n        'headers': {\n            'Authorization': 'Bearer ' + constants['teams_bot_token']\n        }\n    });\n    \n    \n    data = {};\n    data.roomId = input['roomId'];\n    \n    if (input['emailDomain'] !== \"undefined\"){\n       data.personEmail = input['personId'][m] + input['emailDomain'];\n    }\n    else {\n       data.personEmail = input['personId'][m];\n    }\n   \n    var apiResponse = apiRequest.write(data);\n    \n    output['statusCode'] = apiResponse.statusCode;  \n    \n    if (apiResponse.statusCode == 200) {\n        var response = JSON.parse(apiResponse.body);\n        output['roomId'] = response.roomId;\n    }\n\n}\n",
    "endpointAuthType": "NO_AUTH",
    "endpointLabel": "teams",
    "allowedEnvironment": "HOSTED",
    "accessibleByAll": "NotShared",
    "scriptStepType": "USER",
    "inputs": [
      {
        "id": "d8de4641-6a7e-4e94-972e-223e66717c81",
        "name": "roomId",
        "helpText": "The unique identifier for the room.",
        "defaultValue": "",
        "multiline": false,
        "required": true,
        "validationRegex": "",
        "maxLength": 200,
        "minLength": 0,
        "position": 0
      },
      {
        "id": "047fc401-a9ab-4a0a-904f-445d9316c29a",
        "name": "personIds",
        "helpText": "Comma separated list of user emails to add to room. If you only have xMatters id's, you can provide the part before @ symbol and set email domain. The script will append these values together to create a valid email address.",
        "defaultValue": "",
        "multiline": true,
        "required": true,
        "validationRegex": "",
        "maxLength": 2000,
        "minLength": 0,
        "position": 1
      },
      {
        "id": "2f4c94f6-6713-4472-aabd-74e92d0ce0c6",
        "name": "emailDomain",
        "helpText": "The email domain to add to end of each user id. example: \"@acme.com\". This can be used if your user id's in Teams are email addresses and you want to convert xMatters id's to email addresses. The script will add this value to the end of each user id. Leave this field empty if you do not want to add anything. Example: Some one with a personID of jsmith will become jsmith@acme.com",
        "defaultValue": "",
        "multiline": false,
        "required": false,
        "validationRegex": "",
        "maxLength": 2000,
        "minLength": 0,
        "position": 2
      }
    ],
    "outputs": [
      {
        "id": "9c48b524-b7ae-4c1f-8754-aa756fd714c8",
        "name": "statusCode",
        "description": "",
        "position": 0
      },
      {
        "id": "455ff894-dc3e-4264-b7d5-c9de5cc0f4f2",
        "name": "roomId",
        "description": "",
        "position": 1
      }
    ],
    "libraries": []
  },
  {
    "id": "73bd9160-0522-4072-bc34-78d77ab3abc2",
    "name": "Teams: Delete a room",
    "description": "Deletes a room, by ID. Deleted rooms cannot be recovered. Deleting a room that is part of a team will archive the room instead.",
    "icon": "http://s3-xmatters-static.s3.amazonaws.com/null/customers/8d580702-986e-4de3-873d-3a75b8073b42/IMAGE__20190905164555346__246x0w.png",
    "script": "var apiRequest = http.request({\n    'endpoint': 'teams',\n    'path': '/v1/rooms/' + input['roomId'],\n    'method': 'DELETE',\n    'headers': {\n        'Authorization': 'Bearer ' + constants['teams_bot_token']\n    }\n});\n\nvar apiResponse = apiRequest.write();\n\noutput['statusCode'] = apiResponse.statusCode;  ",
    "endpointAuthType": "NO_AUTH",
    "endpointLabel": "teams",
    "allowedEnvironment": "HOSTED",
    "accessibleByAll": "NotShared",
    "scriptStepType": "USER",
    "inputs": [
      {
        "id": "1e31b1f1-9950-4358-a025-798d4a4246e3",
        "name": "roomId",
        "helpText": "The unique identifier for the room.",
        "defaultValue": "",
        "multiline": false,
        "required": true,
        "validationRegex": "",
        "maxLength": 200,
        "minLength": 0,
        "position": 0
      }
    ],
    "outputs": [
      {
        "id": "07ad9051-5514-4372-88c5-ff609de699db",
        "name": "statusCode",
        "description": "",
        "position": 0
      }
    ],
    "libraries": []
  },
  {
    "id": "e3187c72-c497-4931-89e1-5bafa452fef4",
    "name": "Teams: Get room details",
    "description": "Get room details",
    "icon": "http://s3-xmatters-static.s3.amazonaws.com/null/customers/8d580702-986e-4de3-873d-3a75b8073b42/IMAGE__20190905164555346__246x0w.png",
    "script": "var apiRequest = http.request({\n    'endpoint': 'teams',\n    'path': '/v1/rooms/' + input['roomId'],\n    'method': 'GET',\n    'headers': {\n        'Authorization': 'Bearer ' + constants['teams_bot_token']\n    }\n});\n\nvar apiResponse = apiRequest.write();\n\noutput['statusCode'] = apiResponse.statusCode;  \n\nif (apiResponse.statusCode == 200) {\n    var response = JSON.parse(apiResponse.body);\n    output['id'] = response.id;\n    output['title'] = response.title;\n    output['type'] = response.type;\n    output['isLocked'] = response.isLocked;\n    output['teamId'] = response.teamId;\n    output['lastActivity'] = response.lastActivity;\n    output['creatorId'] = response.creatorId;\n    output['created'] = response.created;\n    output['sipAddress'] = response.sipAddress;\n}",
    "endpointAuthType": "NO_AUTH",
    "endpointLabel": "teams",
    "allowedEnvironment": "HOSTED",
    "accessibleByAll": "NotShared",
    "scriptStepType": "USER",
    "inputs": [
      {
        "id": "b231c345-aebe-418d-8558-17d56555b3d8",
        "name": "roomId",
        "helpText": "The unique identifier for the room.",
        "defaultValue": "",
        "multiline": false,
        "required": true,
        "validationRegex": "",
        "maxLength": 200,
        "minLength": 0,
        "position": 0
      }
    ],
    "outputs": [
      {
        "id": "1e6f15d6-8137-422f-93b9-9f6e8339094b",
        "name": "statusCode",
        "description": "",
        "position": 0
      },
      {
        "id": "4432c2d5-07ae-4786-97bd-8361e2dd0d41",
        "name": "id",
        "description": "",
        "position": 1
      },
      {
        "id": "a3c56c39-7942-4217-9bcf-47a0c83206ae",
        "name": "title",
        "description": "",
        "position": 2
      },
      {
        "id": "5cf180c5-384d-4524-a7c8-3b10a4b49602",
        "name": "type",
        "description": "",
        "position": 3
      },
      {
        "id": "50ad15e8-983a-443a-9d0f-4798ce71ebdc",
        "name": "isLocked",
        "description": "",
        "position": 4
      },
      {
        "id": "214f0bb9-9d4b-47e0-a491-06fff51ffd90",
        "name": "teamId",
        "description": "",
        "position": 5
      },
      {
        "id": "aeeae5ea-18f3-4ad9-97c6-eda8319f2860",
        "name": "lastActivity",
        "description": "",
        "position": 6
      },
      {
        "id": "da06b00e-6b04-4636-8570-3bca74705871",
        "name": "creatorId",
        "description": "",
        "position": 7
      },
      {
        "id": "293cbe1e-b34b-4c8f-98ea-a055fd05dcf1",
        "name": "created",
        "description": "",
        "position": 8
      },
      {
        "id": "1eb0165f-8da5-40ff-9482-9e65c50731a3",
        "name": "sipAddress",
        "description": "",
        "position": 9
      }
    ],
    "libraries": []
  },
  {
    "id": "435358c7-b854-4600-9313-03024f7f9b8b",
    "name": "Teams: Get room meeting details",
    "description": "Shows Webex meeting details for a room such as the SIP address, meeting URL, toll-free and toll dial-in numbers.",
    "icon": "http://s3-xmatters-static.s3.amazonaws.com/null/customers/8d580702-986e-4de3-873d-3a75b8073b42/IMAGE__20190905164555346__246x0w.png",
    "script": "var apiRequest = http.request({\n    'endpoint': 'teams',\n    'path': '/v1/rooms/' + input['roomId'] + \"/meetingInfo\",\n    'method': 'GET',\n    'headers': {\n        'Authorization': 'Bearer ' + constants['teams_bot_token']\n    }\n});\n\nvar apiResponse = apiRequest.write();\n\noutput['statusCode'] = apiResponse.statusCode;  \n\nif (apiResponse.statusCode == 200) {\n    var response = JSON.parse(apiResponse.body);\n    output['roomId'] = response.roomId;\n    output['meetingLink'] = response.meetingLink;\n    output['sipAddress'] = response.sipAddress;\n    output['meetingNumber'] = response.meetingNumber;\n    output['callInTollFreeNumber'] = response.callInTollFreeNumber;\n    output['callInTollNumber'] = response.callInTollNumber;\n}",
    "endpointAuthType": "NO_AUTH",
    "endpointLabel": "teams",
    "allowedEnvironment": "HOSTED",
    "accessibleByAll": "NotShared",
    "scriptStepType": "USER",
    "inputs": [
      {
        "id": "c9675d06-7146-4520-bde1-d28c1cdaf23e",
        "name": "roomId",
        "helpText": "The unique identifier for the room.",
        "defaultValue": "",
        "multiline": false,
        "required": true,
        "validationRegex": "",
        "maxLength": 200,
        "minLength": 0,
        "position": 0
      }
    ],
    "outputs": [
      {
        "id": "a26f4a0a-9282-41c7-aacf-066ddaa569c2",
        "name": "statusCode",
        "description": "",
        "position": 0
      },
      {
        "id": "9a312ac0-e5b4-4e11-a5d5-c471af748e66",
        "name": "roomId",
        "description": "",
        "position": 1
      },
      {
        "id": "bc46a214-f196-4caf-94e8-a2584a2cb4e6",
        "name": "meetingLink",
        "description": "",
        "position": 2
      },
      {
        "id": "3117b543-ec81-4413-a113-7a924f804a5c",
        "name": "sipAddress",
        "description": "",
        "position": 3
      },
      {
        "id": "e3d16ce3-47eb-4434-8fe1-4052453d556c",
        "name": "meetingNumber",
        "description": "",
        "position": 4
      },
      {
        "id": "06212e5e-66ac-4b69-9bf2-5dc1915cf47e",
        "name": "callInTollFreeNumber",
        "description": "",
        "position": 5
      },
      {
        "id": "afa600c8-a25d-40c7-89a7-6f72bfe113c6",
        "name": "callInTollNumber",
        "description": "",
        "position": 6
      }
    ],
    "libraries": []
  },
  {
    "id": "0a77abbe-c1f3-4a0d-ac88-ece86b25c49d",
    "name": "Teams: Get Token",
    "description": "Get Webex Teams Access Token from user refresh token.",
    "icon": "http://s3-xmatters-static.s3.amazonaws.com/null/customers/8d580702-986e-4de3-873d-3a75b8073b42/IMAGE__20190905164555346__246x0w.png",
    "script": "var query = 'grant_type=' + input['grant_type'] + '&client_id=' + input['client_id'] + '&client_secret=' + input['client_secret'] + \"&refresh_token=\" + input['refresh_token'];\n\nvar apiRequest = http.request({\n    'autoEncodeURI': false,\n    'endpoint': 'teams',\n    'path': '/v1/access_token?' + query,\n    'method': 'POST',\n    'headers': {\n       'Content-Type': 'application/x-www-form-urlencoded'\n    }\n});\nvar apiResponse = apiRequest.write();\n\nif (apiResponse.statusCode == 200) {\n\n    var response = JSON.parse(apiResponse.body);\n    output['access_token'] = response.access_token;\n}",
    "endpointAuthType": "NO_AUTH",
    "endpointLabel": "teams",
    "allowedEnvironment": "HOSTED",
    "accessibleByAll": "NotShared",
    "scriptStepType": "USER",
    "inputs": [
      {
        "id": "e61a1f78-92ea-4283-b461-cad2d0a5bfd1",
        "name": "grant_type",
        "helpText": "",
        "defaultValue": "refresh_token",
        "multiline": false,
        "required": true,
        "validationRegex": "",
        "maxLength": 2000,
        "minLength": 0,
        "position": 0
      },
      {
        "id": "bcbc16f3-45c6-4a13-835b-2ce41c88fcf1",
        "name": "client_id",
        "helpText": "",
        "defaultValue": "",
        "multiline": false,
        "required": true,
        "validationRegex": "",
        "maxLength": 2000,
        "minLength": 0,
        "position": 1
      },
      {
        "id": "93ae2a74-6a15-4d13-8551-f29bf0f92937",
        "name": "client_secret",
        "helpText": "",
        "defaultValue": "",
        "multiline": false,
        "required": true,
        "validationRegex": "",
        "maxLength": 2000,
        "minLength": 0,
        "position": 2
      },
      {
        "id": "33079a06-5ab4-4244-a029-d35c64e895ed",
        "name": "refresh_token",
        "helpText": "",
        "defaultValue": "",
        "multiline": false,
        "required": true,
        "validationRegex": "",
        "maxLength": 2000,
        "minLength": 0,
        "position": 3
      }
    ],
    "outputs": [
      {
        "id": "6d06ed50-baef-401b-baca-49b141bb1f84",
        "name": "access_token",
        "description": "",
        "position": 0
      }
    ],
    "libraries": []
  },
  {
    "id": "01d405ff-b853-431c-b001-8c1bdd070abd",
    "name": "Teams: List Messages",
    "description": "Lists all messages in a room. Each message will include content attachments if present. The list sorts the messages in descending order by creation date. This step will concatenate message created date, personEmail and message text. for the last 50 messages. You can customize this step to paginate through more results.",
    "icon": "http://s3-xmatters-static.s3.amazonaws.com/null/customers/8d580702-986e-4de3-873d-3a75b8073b42/IMAGE__20190905164555346__246x0w.png",
    "script": "if (input['before'] !== undefined) {\n    var before = \"&before=\" + input['before']\n}\nelse {\n    var before = \"\";\n}\n\n\nvar apiRequest = http.request({\n    'endpoint': 'teams',\n    'path': '/v1/messages/?roomId=' + input['roomId'] + \"&max=\" + input['max'] + before,\n    'method': 'GET',\n    'headers': {\n        'Authorization': 'Bearer ' + input['access_token']\n    }\n});\n\nvar apiResponse = apiRequest.write();\n\noutput['statusCode'] = apiResponse.statusCode;  \n\n\n var message_history = \"\";\nif (apiResponse.statusCode == 200) {\n    \n    var response = JSON.parse(apiResponse.body);\n    for (var m in response.items) {\n        \n       message_history =  message_history + \"\\n\" +  response.items[m].created + \" \" + response.items[m].personEmail + \": \" + response.items[m].text;\n       \n    }\n   \n   output['history'] = message_history;\n   \n   \n}",
    "endpointAuthType": "NO_AUTH",
    "endpointLabel": "teams",
    "allowedEnvironment": "HOSTED",
    "accessibleByAll": "NotShared",
    "scriptStepType": "USER",
    "inputs": [
      {
        "id": "40417ecd-2292-4108-8f71-906fc1ed0b85",
        "name": "access_token",
        "helpText": "Webex Teams Bot does not have permission to list messages. You will need to generate an access token. Webex Teams Documentation here: https://developer.webex.com/docs/integrations",
        "defaultValue": "",
        "multiline": false,
        "required": true,
        "validationRegex": "",
        "maxLength": 2000,
        "minLength": 0,
        "position": 0
      },
      {
        "id": "2276399c-e3ac-46e0-9c48-e0547a4c6939",
        "name": "roomId",
        "helpText": "The unique identifier for the room.",
        "defaultValue": "",
        "multiline": false,
        "required": true,
        "validationRegex": "",
        "maxLength": 200,
        "minLength": 0,
        "position": 1
      },
      {
        "id": "826bd1cb-dcb1-49be-89ae-8bd76e8f3855",
        "name": "before",
        "helpText": "List messages sent before a date and time.",
        "defaultValue": "",
        "multiline": false,
        "required": false,
        "validationRegex": "",
        "maxLength": 2000,
        "minLength": 0,
        "position": 2
      },
      {
        "id": "d3ac6aae-6450-41ef-92ac-8b98622f73b6",
        "name": "max",
        "helpText": "Limit the maximum number of messages in the response.",
        "defaultValue": "50",
        "multiline": false,
        "required": true,
        "validationRegex": "",
        "maxLength": 2000,
        "minLength": 0,
        "position": 3
      }
    ],
    "outputs": [
      {
        "id": "da19d9b9-ea38-4e9f-a94d-88aba79873ff",
        "name": "statusCode",
        "description": "",
        "position": 0
      },
      {
        "id": "4ba387d4-d837-4e14-8460-0964be41429a",
        "name": "history",
        "description": "",
        "position": 1
      }
    ],
    "libraries": []
  },
  {
    "id": "6dc5ab2f-91aa-443f-92fa-b4708034912b",
    "name": "Teams: Update a room",
    "description": "Updates details for a room, by ID.",
    "icon": "http://s3-xmatters-static.s3.amazonaws.com/null/customers/8d580702-986e-4de3-873d-3a75b8073b42/IMAGE__20190905164555346__246x0w.png",
    "script": "var apiRequest = http.request({\n    'endpoint': 'teams',\n    'path': '/v1/rooms/' + input['roomId'],\n    'method': 'PUT',\n    'headers': {\n        'Content-Type': 'application/json',\n        'Authorization': 'Bearer ' + constants['teams_bot_token']\n    }\n});\n\ndata = {};\ndata.title = input['title'];\n\nvar apiResponse = apiRequest.write(data);\n\noutput['statusCode'] = apiResponse.statusCode;  \n\nif (apiResponse.statusCode == 200) {\n    var response = JSON.parse(apiResponse.body);\n    output['id'] = response.id;\n    output['title'] = response.title;\n    output['type'] = response.type;\n    output['isLocked'] = response.isLocked;\n    output['teamId'] = response.teamId;\n    output['lastActivity'] = response.lastActivity;\n    output['creatorId'] = response.creatorId;\n    output['created'] = response.created;\n    output['sipAddress'] = response.sipAddress;\n}",
    "endpointAuthType": "NO_AUTH",
    "endpointLabel": "teams",
    "allowedEnvironment": "HOSTED",
    "accessibleByAll": "NotShared",
    "scriptStepType": "USER",
    "inputs": [
      {
        "id": "daedb509-87db-4c68-9564-3393efac6170",
        "name": "roomId",
        "helpText": "The unique identifier for the room.",
        "defaultValue": "",
        "multiline": false,
        "required": true,
        "validationRegex": "",
        "maxLength": 200,
        "minLength": 0,
        "position": 0
      },
      {
        "id": "a218011f-363c-4165-874b-5a7b7f0a98b2",
        "name": "title",
        "helpText": "",
        "defaultValue": "",
        "multiline": false,
        "required": true,
        "validationRegex": "",
        "maxLength": 2000,
        "minLength": 0,
        "position": 1
      }
    ],
    "outputs": [
      {
        "id": "5107deea-9d15-440b-a661-051d5852fb4f",
        "name": "statusCode",
        "description": "",
        "position": 0
      },
      {
        "id": "f27a475a-f8a2-4324-af79-d133b02a44d4",
        "name": "id",
        "description": "",
        "position": 1
      },
      {
        "id": "2bc4abd2-cbe8-4b8c-8b34-841650947219",
        "name": "title",
        "description": "",
        "position": 2
      },
      {
        "id": "8429d388-44d5-4cd6-8616-fe602498be32",
        "name": "type",
        "description": "",
        "position": 3
      },
      {
        "id": "7ddf328a-2323-44b7-87c7-b4e1ebc614d0",
        "name": "isLocked",
        "description": "",
        "position": 4
      },
      {
        "id": "18c4099e-356a-43b5-a7be-0f4db3d55752",
        "name": "teamId",
        "description": "",
        "position": 5
      },
      {
        "id": "fa6ba63c-e8ba-4bf3-8320-100fdd9cbcef",
        "name": "lastActivity",
        "description": "",
        "position": 6
      },
      {
        "id": "446ee823-f15b-497d-9ebf-8355c9e77694",
        "name": "creatorId",
        "description": "",
        "position": 7
      },
      {
        "id": "3798bd27-5c2b-44dc-8e10-c4ec8c528e79",
        "name": "created",
        "description": "",
        "position": 8
      },
      {
        "id": "cce8df1e-6a0f-4ca1-b427-6c6a55694e97",
        "name": "sipAddress",
        "description": "",
        "position": 9
      }
    ],
    "libraries": []
  }
]