[
  {
    "baseType": 3,
    "name": "message",
    "defaultValue": "",
    "description": "",
    "helpText": "",
    "isSystem": false,
    "minLength": 0,
    "maxLength": 500,
    "validationRegex": "",
    "isValidate": false,
    "uuid": "60146e46-8c7b-4ab3-9f19-b06ce7c15f64"
  },
  {
    "baseType": 3,
    "name": "topic",
    "defaultValue": "",
    "description": "",
    "helpText": "",
    "isSystem": false,
    "minLength": 0,
    "maxLength": 200,
    "validationRegex": "",
    "isValidate": false,
    "uuid": "0d549c20-025c-40a6-8dc3-6e8b7a45a653"
  }
]