[
  {
    "baseType": 3,
    "name": "message",
    "defaultValue": "",
    "description": "",
    "helpText": "",
    "isSystem": false,
    "minLength": 0,
    "maxLength": 500,
    "validationRegex": "",
    "isValidate": false,
    "uuid": "c90215eb-d376-42a0-8d65-4d43865d5d03"
  },
  {
    "baseType": 3,
    "name": "topic",
    "defaultValue": "",
    "description": "",
    "helpText": "",
    "isSystem": false,
    "minLength": 0,
    "maxLength": 200,
    "validationRegex": "",
    "isValidate": false,
    "uuid": "76aa2fe5-3ef0-4a55-8a19-c4bbb38ee33e"
  }
]